officer_group,complaint_category,n
Burge,FEDERAL CIVIL SUIT,17
Burge,EXCESSIVE FORCE:  ARRESTEE - DURING ARREST,15
Burge,CIVIL RIGHTS VIOLATION:  SEARCH OF PREMISE/VEHICLE W/O WARRANT,14
Burge,OPERATION/PERSONNEL VIOLATION:  MISCELLANEOUS,8
Burge,OPERATION/PERSONNEL VIOLATION: INADEQUATE/FAIL TO PROVIDE SERVICE,8
Burge,"EXCESSIVE FORCE:  WEAPON, USE OF",7
Burge,EXCESSIVE FORCE:  ARRESTEE - AFTER ARREST-PRIOR TO LOCKUP,6
Burge,Excessive Force,4
Burge,OPERATION/PERSONNEL VIOLATION:  INVENTORY PROCEDURES,4
Burge,ARREST/LOCKUP PROCEDURE:  SEARCH - PERSON/PROPERTY,3
Burge,COMMISSION OF CRIME:  MISCELLANEOUS,3
Burge,EXCESSIVE FORCE:  MISCELLANEOUS,3
Burge,EXCESSIVE FORCE:  NO ARREST,3
Burge,OPERATION/PERSONNEL VIOLS.:  NEGLECT OF DUTY / CONDUCT UNBECOMING,3
Burge,ARREST/LOCKUP PROCEDURE:  EXCESSIVE DETENTION,2
Burge,ARREST/LOCKUP PROCEDURE:  IMPROPER ARREST,2
Burge,ARREST/LOCKUP PROCEDURE:  PRISONERS PROPERTY - INVENTORY/RECEIPT,2
Burge,CIVIL RIGHTS VIOLATION:  ILLEGAL ARREST,2
Burge,CIVIL RIGHTS VIOLATION:  SEARCH OF PERSON WITHOUT WARRANT,2
Burge,CONDUCT UNBECOMING (OFF DUTY): MISCELLANEOUS,2
Burge,"Coercion,Threat of Violence,Coerced Confession,",2
Burge,EXCESSIVE FORCE:  ARRESTEE - LOCKUP/DETENTION,2
Burge,NEGLECT OF DUTY,2
Burge,OPERATION/PERSONNEL VIOLATION:  REPORTS - FAIL TO SUBMIT/IMPROPER,2
Burge,OPERATION/PERSONNEL VIOLATION:  VEHICLE LICENSING - CITY,2
Burge,VERBAL ABUSE - USE OF PROFANITY,2
Burge,ALTERCATION / DISTURBANCE - NEIGHBOR,1
Burge,ARREST/LOCKUP PROCEDURE:  MISCELLANEOUS,1
Burge,ARREST/LOCKUP PROCEDURE:  TELEPHONE - ATTORNEY/RELATIVE/PRIVELAGE,1
Burge,ASSOCIATION WITH FELON,1
Burge,CONDUCT UNBECOMING (OFF DUTY): ALTERCATION/DISTURBANCE - DOMESTIC,1
Burge,CONDUCT UNBECOMING (OFF DUTY): ALTERCATION/DISTURBANCE - TRAFFIC,1
Burge,"Civil Rights Violation,Improper Arrest,Miranda Rights Communicated,",1
Burge,EXCESSIVE FORCE:  TRAFFIC,1
Burge,FAILURE TO ENSURE - CIVIL RIGHTS,1
Burge,ILLEGAL ARREST / FALSE ARREST,1
Burge,IMPROPER PROCESSING / REPORTING / PROCEDURES,1
Burge,IMPROPER SEARCH OF PERSON ,1
Burge,INADEQUATE / FAILURE TO PROVIDE SERVICE,1
Burge,INITIATE PROPER ACTION,1
Burge,MISUSE OF DEPARTMENT RECORDS,1
Burge,OPERATION/PERSONNEL VIOLATION:  COURT IRREGULARITIES,1
Burge,OPERATION/PERSONNEL VIOLATION:  MEDICAL ROLL,1
Burge,OPERATION/PERSONNEL VIOLATION:  MISUSE OF DEPARTMENT RECORDS,1
Burge,OPERATION/PERSONNEL VIOLATION:  VEHICLE LICENSING - STATE,1
Burge,OPERATION/PERSONNEL VIOLATION: COMMUNICATION OPERATION PROCEDURES,1
Burge,"Operation/Personnel Violations,Neglect of Duty,,",1
Burge,SEARCH OF PREMISE WITHOUT WARRANT,1
Burge,STATE CIVIL SUIT,1
Burge,SUPERVISOR RESPONSIBILITY:  IMPROPER/INADEQUATE INVESTIGATION,1
Burge,"Supervisory Responsibilities,Properly Monitor/Inspect Subordinate,,",1
Burge,TRAFFIC (NOT BRIBERY/EX-FORCE):  MISCELLANEOUS,1
Burge,Unnecessary Display of Weapon,1
Burge,VERBAL ABUSE - MISCELLANEOUS,1
Burge,VERBAL ABUSE - RACIAL/ETHNIC/ETC.,1
Guevara,CIVIL RIGHTS VIOLATION:  SEARCH OF PREMISE/VEHICLE W/O WARRANT,14
Guevara,SEARCH OF PREMISE WITHOUT WARRANT,8
Guevara,EXCESSIVE FORCE:  ARRESTEE - DURING ARREST,7
Guevara,",,,",5
Guevara,EXCESSIVE FORCE:  MISCELLANEOUS,4
Guevara,EXCESSIVE FORCE:  NO ARREST,4
Guevara,VERBAL ABUSE - USE OF PROFANITY,4
Guevara,CIVIL RIGHTS VIOLATION:  ILLEGAL ARREST,3
Guevara,CONDUCT UNBECOMING (OFF DUTY): ALTERCATION/DISTURBANCE - DOMESTIC,3
Guevara,Excessive Force,3
Guevara,MISCELLANEOUS,3
Guevara,TELEPHONE / ATTORNEY / RELATIVE PRIVILEGES,3
Guevara,COURT ATTENDANCE IRREGULARITIES,2
Guevara,"Coercion,Threat of Arrest/Charges,Coerced Confession,",2
Guevara,"EXCESSIVE FORCE:  WEAPON, USE OF",2
Guevara,ILLEGAL ARREST / FALSE ARREST,2
Guevara,OPERATION/PERSONNEL VIOLATION:  MISCELLANEOUS,2
Guevara,OPERATION/PERSONNEL VIOLS.:  NEGLECT OF DUTY / CONDUCT UNBECOMING,2
Guevara,STATE CIVIL SUIT,2
Guevara,"ARREST, IMPROPER PROCEDURES",1
Guevara,ARREST/LOCKUP PROCEDURE:  ESCAPE,1
Guevara,ARREST/LOCKUP PROCEDURE:  MISCELLANEOUS,1
Guevara,ARREST/LOCKUP PROCEDURE:  PROPER CARE/INJURY/DEATH,1
Guevara,CIVIL RIGHTS VIOLATION:  MISCELLANEOUS,1
Guevara,COMMISSION OF CRIME:  MISCELLANEOUS,1
Guevara,CONDUCT UNBECOMING (OFF DUTY): MISCELLANEOUS,1
Guevara,"Civil Rights Violation,Improper Arrest,Miranda Rights Communicated,",1
Guevara,"Coercion,Threat of Violence,Coerced Confession,",1
Guevara,EXCESSIVE DETENTION - AFTER ARREST,1
Guevara,"EXCESSIVE FORCE:  """"U"""" NUMBER CONVERTED TO C.R. (INFORMATION ONLY)",1
Guevara,EXCESSIVE FORCE:  ARRESTEE - AFTER ARREST-PRIOR TO LOCKUP,1
Guevara,EXCESSIVE FORCE:  TRAFFIC,1
Guevara,"Excessive Force,No Weapon,Non-Serious Bodily Injury,",1
Guevara,FEDERAL CIVIL SUIT,1
Guevara,IMPROPER SEARCH OF PERSON ,1
Guevara,NEGLECT OF DUTY,1
Guevara,OPERATION/PERSONNEL VIOLATION:  MISUSE OF DEPARTMENT RECORDS,1
Guevara,OPERATION/PERSONNEL VIOLATION:  REPORTS - FAIL TO SUBMIT/IMPROPER,1
Guevara,"Operation/Personnel Violations,Conduct Unbecoming,,",1
Guevara,Operational Violation,1
Guevara,SEARCH OF PREMISE/VEHICLE WITHOUT WARRANT,1
